temperature_kelvin,humidity_percent
300.45909090909095,
301.56666666666666,69.8
298.58484848484846,70.2
304.65000000000003,77.8
298.93333333333334,67.5
301.4166666666667,73.1
298.1166666666666,64.9
300.51666666666665,68.5
297.01666666666665,63.4
301.71666666666664,71.8
299.21666666666664,66.9
